edge_id,segment_id,current_speed,freeflow_speed,sumo_freeflow_speed_kmh,timestamp,match_confidence
-273478941#9,Traffic flow_164cb33bc05661f5b8d5ad8c18e3375b1c05e99f,5.0,0.0,35.0,2026-09-28 16:10:00,1.0
273478941#3,Traffic flow_4d0278ba43accbd9169763bf54a99aeecca5f6f6,5.0,0.0,35.0,2026-09-28 16:10:00,1.0
-137945408#2,Traffic flow_2a78451a991a3b08edc5cd2aa04406d37e5dfab1,10.0,0.0,35.0,2026-09-28 16:10:00,1.0
137945373#1,Traffic flow_f00eb62b327c852b9027eb3bfb6043b3fa2991f9,15.0,0.0,35.0,2026-09-28 16:10:00,1.0
-137946600#1,Traffic flow_29de763ad8ecb4617f0ca307beb7ed42b63e73ad,20.0,0.0,35.0,2026-09-28 16:10:00,1.0
-137945395#5,Traffic flow_0f6f4a2ac3f84722579535c84445f7fca561c5bd,20.0,0.0,35.0,2026-09-28 16:10:00,1.0
213118177#1,Traffic flow_815f463c742415d30a2759ff6c80c6125958eab6,20.0,0.0,35.0,2026-09-28 16:10:00,1.0
-137945395#5,Traffic flow_92c39b3fe0bd202c2a43b06506288ac092c0943d,25.0,0.0,35.0,2026-09-28 16:10:00,1.0
-137946597#0,Traffic flow_d7361e645eea36da7d2b3931ef211b3ca54ed210,25.0,0.0,35.0,2026-09-28 16:10:00,1.0
213118440#6,Traffic flow_5434954c78fe0a0d4d3746d6ba8058171e75b404,30.0,0.0,35.0,2026-09-28 16:10:00,1.0
-137946600#1,Traffic flow_0fed0b5b2058327f8bb1d0c5c268015cce3969cc,35.0,0.0,35.0,2026-09-28 16:10:00,1.0
213118440#6,Traffic flow_ea86f5c23a43aecfb413ce3db4c3f3c918c58fbc,35.0,0.0,35.0,2026-09-28 16:10:00,1.0
-274650361#3,Traffic flow_abb3b637469ea0675c6a48ddf14e0e1d57543786,35.0,0.0,35.0,2026-09-28 16:10:00,1.0
-213118384#1,Traffic flow_71f1fc3bd5f3be61e7e98736b41135869cdf1ad5,35.0,0.0,35.0,2026-09-28 16:10:00,1.0
-212706390#0,Traffic flow_5e7558e155d0745e3a95c268d0657a53a13118c4,5.0,0.0,35.0,2026-09-28 16:10:00,1.0
137954632#4,Traffic flow_b296124259d9375e5ba00795aa393c33ebaf1a66,15.0,0.0,100.00800000000001,2026-09-28 16:10:00,1.0
137945388#0,Traffic flow_35fa8d907af0fef523c4ded725df2d5998f683c8,15.0,0.0,35.0,2026-09-28 16:10:00,1.0
274649587#5,Traffic flow_eda7bf464673d1c4080bed1d3226a0d9d32a1e36,15.0,0.0,50.004000000000005,2026-09-28 16:10:00,1.0
-274650361#3,Traffic flow_e97937173a73ac5acab6e68d50c3798c34051d90,15.0,0.0,35.0,2026-09-28 16:10:00,1.0
-137945408#2,Traffic flow_6cfdd40da0974eec991c487b1f5d50559e6b4d95,20.0,0.0,35.0,2026-09-28 16:10:00,1.0
372823946#4,Traffic flow_7fe1ae09277683b6d0871cb03d3dfc274e14a3fa,20.0,0.0,50.004000000000005,2026-09-28 16:10:00,0.988925694763452
-212706382#2,Traffic flow_d18e32629546ae7b5fca9eba0908d299f87707ed,20.0,0.0,35.0,2026-09-28 16:10:00,1.0
-213118362#1,Traffic flow_cd961121e50d29af3b997b4ae4e067673cac69e9,25.0,0.0,35.0,2026-09-28 16:10:00,1.0
137945388#0,Traffic flow_08bf4ea0b3223a364a726f1508ebd68869884fc8,25.0,0.0,35.0,2026-09-28 16:10:00,1.0
372823946#4,Traffic flow_29e486af553071c757f2d60da32a5b49a8ae077f,25.0,0.0,50.004000000000005,2026-09-28 16:10:00,1.0
137963983#0,Traffic flow_e292a4f7bb11bfcc96e53dea19e4ecedac5fe0b1,25.0,0.0,35.0,2026-09-28 16:10:00,1.0
-137963981#1,Traffic flow_751baaf14fdf96e542ac16eb6b5eb26a41f52afa,25.0,0.0,35.0,2026-09-28 16:10:00,1.0
-212706382#2,Traffic flow_9df937b1a828f165b2ec887e82930f49eecd440f,25.0,0.0,35.0,2026-09-28 16:10:00,1.0
-137945408#2,Traffic flow_f5d9e5ca7b18387dcc75d671b5e9b87c74a67e86,30.0,0.0,35.0,2026-09-28 16:10:00,1.0
372823946#4,Traffic flow_84f9fb64a713b0a2ced5d70f12a8c41fec6d953d,30.0,0.0,50.004000000000005,2026-09-28 16:10:00,1.0
-213118374#2,Traffic flow_ab29a4c4b9ec6ac02c6cf480ba52f22ad5c64397,30.0,0.0,35.0,2026-09-28 16:10:00,1.0
212701281,Traffic flow_e98da1dbaa523ac076bc938e41c6dde5bebc0295,30.0,0.0,35.0,2026-09-28 16:10:00,1.0
-212706390#0,Traffic flow_25fb8b3179c3b1dbeb89c7759fecad47575a9dd4,35.0,0.0,35.0,2026-09-28 16:10:00,1.0
-137945388#0,Traffic flow_a691b490f4999ea10ed3439778f3a04d89fdaf5a,35.0,0.0,35.0,2026-09-28 16:10:00,0.9924958761059051
-213118374#2,Traffic flow_7dd32575f91ee1273867dd2f1693693b60018bdd,35.0,0.0,35.0,2026-09-28 16:10:00,1.0
-364186014#3,Traffic flow_341860ab4a25d2800113b07bf3aa58efd91a0ffa,40.0,0.0,40.0,2026-09-28 16:10:00,0.9867996713997242
441323861#1,Traffic flow_b6340d5d7f23a374cbd6798b9ef54ccecc9daee5,40.0,0.0,40.0,2026-09-28 16:10:00,1.0
272750556#2,Traffic flow_c86be6afa29ea33f23b914d75bf7778c03e489db,3.0,0.0,35.0,2026-09-28 16:10:00,1.0
-547391900,Traffic flow_e90b0d596abe5bc980f0acf854670786036f74e9,3.0,0.0,35.0,2026-09-28 16:10:00,1.0
-700510916,Traffic flow_062a58ab37986aa04576b100a8cb8c9a87dc36c5,5.0,0.0,100.00800000000001,2026-09-28 16:10:00,1.0
-431216735#1,Traffic flow_e0244b77292190aad6d503bf5d69bc33f6f021e2,5.0,0.0,35.0,2026-09-28 16:10:00,1.0
-374691562,Traffic flow_b67d06ca91086495756e97fed51ff8df6aecfcb8,5.0,0.0,35.0,2026-09-28 16:10:00,1.0
-213164464#0,Traffic flow_e9acbbd36fae866c7fe04890371c84082adfd998,5.0,0.0,35.0,2026-09-28 16:10:00,0.9503086077367031
-438153146#0,Traffic flow_8e2deeea098038e1d27945ac07af14880303eb03,5.0,0.0,35.0,2026-09-28 16:10:00,0.9948458497066683
252874434#3,Traffic flow_a90e1d65e47ab848be5d257aa84e64c4bc6881ec,10.0,0.0,50.004000000000005,2026-09-28 16:10:00,0.9929867937163269
-431217258#1,Traffic flow_b607d8ce3a44db9be8c773d124927407aa59a2b8,10.0,0.0,35.0,2026-09-28 16:10:00,1.0
181551102#0,Traffic flow_3d8d608aac0797ffa785c5b5fd55b25e6d3893be,10.0,0.0,100.00800000000001,2026-09-28 16:10:00,1.0
-438153140,Traffic flow_2979b0cfb659586ec2edbdda7964d052e577b820,10.0,0.0,35.0,2026-09-28 16:10:00,1.0
213118436#0,Traffic flow_c1e4d3007617938c3b6b884f6117b6ea473e0903,10.0,0.0,35.0,2026-09-28 16:10:00,1.0
-213118383,Traffic flow_481a020bfff32c2f5e09eb2c13cb745d44d92a22,10.0,0.0,35.0,2026-09-28 16:10:00,1.0
-700510916,Traffic flow_ee868994b4a3db5bc244b6e3edf4b714bf40317a,15.0,0.0,100.00800000000001,2026-09-28 16:10:00,1.0
-272750555#3,Traffic flow_f0fbd93265ae8ea110162c2a63295f8f8dca7020,15.0,0.0,100.00800000000001,2026-09-28 16:10:00,1.0
-438153140,Traffic flow_478e65790e2ae74195be495fe2b52880469ef2fb,15.0,0.0,35.0,2026-09-28 16:10:00,1.0
438132659#5,Traffic flow_c21c72ccb7e45f890cafc3efb323a43621e008d1,15.0,0.0,45.0,2026-09-28 16:10:00,1.0
-137945361#1,Traffic flow_96a876977f228ac0eead393ddd06d0ce1555560a,15.0,0.0,35.0,2026-09-28 16:10:00,1.0
-213118410#1,Traffic flow_1970f4b33e06aba5e83fa6ac9a38049f7014ff62,15.0,0.0,35.0,2026-09-28 16:10:00,1.0
-213118383,Traffic flow_3541f36fc8315c4a9866c799ce29a68eb8fffe7d,15.0,0.0,35.0,2026-09-28 16:10:00,1.0
-431216735#1,Traffic flow_99e73a9c7b8cdc8630c34016c503466aa770e08c,20.0,0.0,35.0,2026-09-28 16:10:00,1.0
725369633#3,Traffic flow_f92cfa7f5f1bf6e4105a76d5dc5d3920cfb2085d,20.0,0.0,50.004000000000005,2026-09-28 16:10:00,1.0
-137945361#1,Traffic flow_0fec97f22d68a75b40a79f3e006ae8bca2ba87d3,20.0,0.0,35.0,2026-09-28 16:10:00,1.0
137945359#1,Traffic flow_3edf74a813fe9bd373b6946464777d867317f949,20.0,0.0,35.0,2026-09-28 16:10:00,1.0
-213164512#5,Traffic flow_8bb8ac6a3d731ca8090e3b434621ade5bbfc3d82,20.0,0.0,35.0,2026-09-28 16:10:00,1.0
213164501#4,Traffic flow_080fd6551ed71a80fc0e03aac13fc3475f16a9cd,25.0,0.0,35.0,2026-09-28 16:10:00,1.0
-272750555#3,Traffic flow_16ebc117b44bce1c4523062f23df6b986ff07589,25.0,0.0,100.00800000000001,2026-09-28 16:10:00,1.0
725369633#3,Traffic flow_85344a540555c20f12addd1d457a441fdf64ef75,25.0,0.0,50.004000000000005,2026-09-28 16:10:00,1.0
181551102#0,Traffic flow_e02ab00d58367decd0929d82f8cda2ebe18e66da,25.0,0.0,100.00800000000001,2026-09-28 16:10:00,0.8847527877934863
-137945399#0,Traffic flow_5787304988179b22b2a9689b7f9e59aa1280bd0a,25.0,0.0,35.0,2026-09-28 16:10:00,0.9106745070532376
-213164505#2,Traffic flow_5b0105d68da869beaa67c0913ff76e79d4d829a4,25.0,0.0,35.0,2026-09-28 16:10:00,1.0
272750556#2,Traffic flow_e57907239fd3c6a72431b1426270017e7d7157e3,30.0,0.0,35.0,2026-09-28 16:10:00,1.0
-274650361#3,Traffic flow_14927d1a25c4a1c8e67e228204d1126887b98cca,35.0,0.0,35.0,2026-09-28 16:10:00,1.0
-438153140,Traffic flow_feaaaad2e3e86239a78ba4322347b5cc54ff9197,35.0,0.0,35.0,2026-09-28 16:10:00,1.0
137945362#1,Traffic flow_121a779691107b072809fa137cb1b3892b1cb198,40.0,0.0,40.0,2026-09-28 16:10:00,1.0
-212738334,Traffic flow_f0a1917b53ed5e736757bd9c90c570fa70ea8cbf,10.0,0.0,35.0,2026-09-28 16:10:00,1.0
-137963977#2,Traffic flow_605ed748a6a1c8b10fd865ca83a0661b44d9ca16,15.0,0.0,35.0,2026-09-28 16:10:00,1.0
137963980#4,Traffic flow_4bf0b9f192e3b97b755667ba0f4a46385384d0df,15.0,0.0,35.0,2026-09-28 16:10:00,1.0
-274650361#3,Traffic flow_50e816d705a3c040dfff7080bc440fa3c45cf8ef,15.0,0.0,35.0,2026-09-28 16:10:00,1.0
713355660#1,Traffic flow_fcfd36e5f19fbf43f5fd03d63bb2d970759c8bda,20.0,0.0,35.0,2026-09-28 16:10:00,0.8962075816110109
213118372#1,Traffic flow_9bab12f245810d48b8f9f5956e3d836962050382,20.0,0.0,35.0,2026-09-28 16:10:00,1.0
364186014#3,Traffic flow_a7b85860b3a65ccc4de73a88fde3820b1b151980,20.0,0.0,35.0,2026-09-28 16:10:00,1.0
-137963969#2,Traffic flow_2280f5b02c6a97338af3abab42371a5d0e67af9d,20.0,0.0,35.0,2026-09-28 16:10:00,1.0
-713355660#1,Traffic flow_4ef7c438ba2583776dd730431493b9161cba5977,25.0,0.0,35.0,2026-09-28 16:10:00,1.0
137945369#1,Traffic flow_102b627f171b3e829af6668328805067cd5cb05f,25.0,0.0,35.0,2026-09-28 16:10:00,1.0
-138312728#1,Traffic flow_8c4f2c45f9a3fad99c552d4087fe3faefe83927f,25.0,0.0,35.0,2026-09-28 16:10:00,1.0
-137963981#1,Traffic flow_7346ea5bbf2e157bbd12197ff496d12f315218a0,25.0,0.0,35.0,2026-09-28 16:10:00,1.0
-212738307#6,Traffic flow_3b1ddf2b058eda85c863d0fca4489c518fa46d33,25.0,0.0,35.0,2026-09-28 16:10:00,0.9858128866537188
-213118372#0,Traffic flow_a790a60e3fa526a87c30f96096e1d0655951e05e,30.0,0.0,35.0,2026-09-28 16:10:00,1.0
-274650358#1,Traffic flow_04490d724448712660a631eed93719a8b2188f83,30.0,0.0,35.0,2026-09-28 16:10:00,1.0
364186014#3,Traffic flow_7fa6845b97647f6df6a5a7cc362ddd56c2068bd1,30.0,0.0,35.0,2026-09-28 16:10:00,1.0
-138312728#0,Traffic flow_f0acc56d8fdf364278ba0bacc7bdcd77c6669c4f,35.0,0.0,35.0,2026-09-28 16:10:00,1.0
-364186014#3,Traffic flow_235598409afc9c5f84d1da0b183d3b3eac482f54,35.0,0.0,35.0,2026-09-28 16:10:00,1.0
-364186014#3,Traffic flow_4225a045decf691153290c9eee146a284552e2a1,40.0,0.0,40.0,2026-09-28 16:10:00,1.0
137954631#3,Traffic flow_149ea7e62bd5ce9b838da39fc0af927c9013f4b7,40.0,0.0,40.0,2026-09-28 16:10:00,0.8478969163365538
-137963977#2,Traffic flow_db783626921db77bf98ba117bb169b3dd52a379f,45.0,0.0,45.0,2026-09-28 16:10:00,1.0
-460205725#2,Traffic flow_6880a12b6ed2df025c4fca9da05bc0f7af21b522,50.0,0.0,100.00800000000001,2026-09-28 16:10:00,1.0
-431216735#1,Traffic flow_3fd273f2a815f4cd80151600fb555a1829e2c5de,5.0,0.0,35.0,2026-09-28 16:10:00,1.0
-213164445,Traffic flow_22492cb3f50655506cbf081cf9540b0d3158210f,5.0,0.0,35.0,2026-09-28 16:10:00,1.0
-374691562,Traffic flow_673fa314dcc18214aacf99241a16b1fca9210a8b,5.0,0.0,35.0,2026-09-28 16:10:00,1.0
252874434#0-AddedOffRampEdge,Traffic flow_9c4e1e4c8d8254dccb10e7f217eaca0d39d7cd7c,10.0,0.0,50.004000000000005,2026-09-28 16:10:00,0.9585275211738201
-431217258#1,Traffic flow_d09097425711ff917660190df81507bc8f89f6ff,10.0,0.0,35.0,2026-09-28 16:10:00,1.0
-213164445,Traffic flow_8404d14dea144133fce1d461da3a385c529e9905,10.0,0.0,35.0,2026-09-28 16:10:00,1.0
-438132651#2,Traffic flow_52a346ad0653fbfb024df9ac636dcb4af7a4dc35,10.0,0.0,45.0,2026-09-28 16:10:00,1.0
213164496#0,Traffic flow_4bceb54e69aee367b3c7c68e69f1cf9d478c1df5,10.0,0.0,35.0,2026-09-28 16:10:00,1.0
438132659#5,Traffic flow_8d00c97bdca6b9f057a30fb090f278acdc01ed19,15.0,0.0,45.0,2026-09-28 16:10:00,1.0
137739403#2,Traffic flow_1964702c80d146e7721e313b80522144cb337a22,20.0,0.0,35.0,2026-09-28 16:10:00,1.0
431216506#1,Traffic flow_8f0a769331efe069b5763d0e670e00896d2e4d29,20.0,0.0,100.00800000000001,2026-09-28 16:10:00,1.0
-213118326,Traffic flow_7707fdc3e2782c2f5aa6a692b30973ffe4aef70f,20.0,0.0,35.0,2026-09-28 16:10:00,0.879851114160581
212738304#5,Traffic flow_3bd0ab98c03f3c64e524da4063a4f935c32b87e7,20.0,0.0,35.0,2026-09-28 16:10:00,1.0
-212738363#1,Traffic flow_417e348ec42aa33d57c6d8539ab5ec5ae29a16ce,25.0,0.0,35.0,2026-09-28 16:10:00,1.0
