segment_id,geometry,current_speed,freeflow_speed,timestamp,quality
Traffic flow_0e523abb311d11f3a34a9e424d6f0279fc8ebd27,"[(11.071890592575073, 49.467409395287206), (11.071354150772095, 49.467653430816014), (11.07124149799347, 49.467723155029546), (11.071155667304993, 49.46778939294049), (11.071343421936035, 49.46814498440517), (11.071380972862244, 49.468242597296914), (11.071445345878601, 49.468524976352896), (11.071557998657227, 49.469257062621715), (11.071584820747375, 49.46956035229949), (11.071627736091614, 49.469804377113825), (11.071654558181763, 49.470215730477754), (11.071649193763733, 49.470512042201335), (11.071617007255554, 49.47079092218623), (11.071579456329346, 49.47104888475873), (11.071531176567078, 49.47131730383118), (11.07145607471466, 49.4716484681925), (11.071107387542725, 49.472624518549395), (11.070935726165771, 49.47312996555477), (11.070924997329712, 49.47319271033634), (11.070924997329712, 49.473300770605086), (11.070946455001831, 49.47344368865889), (11.071000099182129, 49.47363192155685), (11.071102023124695, 49.4738828976289)]",15.0,0.0,2026-09-28 16:10:00,0.9
Traffic flow_a70dcd2541a462ce1fa63cd52be5776f3876d04d,"[(11.063272655010223, 49.467409395287206), (11.063312888145447, 49.46746517494382), (11.063457727432251, 49.4676464583892), (11.063575744628906, 49.46781379635879), (11.063666939735413, 49.46795324423016), (11.063854694366455, 49.468326265335044), (11.063935160636902, 49.46850405944161), (11.064187288284302, 49.469197798902165), (11.064278483390808, 49.469466228117675), (11.064407229423523, 49.46979391893242), (11.064557433128357, 49.47020178635249), (11.064616441726685, 49.47033774140453), (11.064793467521667, 49.4706793703828), (11.064911484718323, 49.470864127919185), (11.065104603767395, 49.47111511817303), (11.06549084186554, 49.47151600271663), (11.065700054168701, 49.47167635561546), (11.065930724143982, 49.47185762347769), (11.066139936447144, 49.47200751754938), (11.066274046897888, 49.4720981509516), (11.06646716594696, 49.47224804428726), (11.066874861717224, 49.472547829582524), (11.067019701004028, 49.472666348844356), (11.067164540290833, 49.4728197262869), (11.06722891330719, 49.47289990066801), (11.067320108413696, 49.47304630572098), (11.067684888839722, 49.47367026520665), (11.067920923233032, 49.47410598639111)]",20.0,0.0,2026-09-28 16:10:00,0.9
Traffic flow_ac4e9a4ba422ddd18b4b54936930588ec1d7f045,"[(11.071059107780457, 49.47378181019899), (11.071000099182129, 49.47363192155685), (11.070946455001831, 49.47344368865889), (11.070924997329712, 49.473300770605086), (11.070924997329712, 49.47319271033634), (11.070935726165771, 49.47312996555477), (11.071107387542725, 49.472624518549395), (11.07145607471466, 49.4716484681925), (11.071531176567078, 49.47131730383118), (11.071579456329346, 49.47104888475873), (11.071649193763733, 49.470512042201335), (11.071654558181763, 49.470215730477754), (11.071627736091614, 49.469804377113825), (11.071584820747375, 49.46956035229949), (11.071557998657227, 49.469257062621715), (11.071445345878601, 49.468524976352896), (11.071380972862244, 49.468242597296914), (11.071343421936035, 49.46814498440517), (11.071155667304993, 49.46778939294049), (11.07124149799347, 49.467723155029546), (11.071354150772095, 49.467653430816014), (11.071890592575073, 49.467409395287206)]",25.0,0.0,2026-09-28 16:10:00,0.9
Traffic flow_e95804b9b64fb6342e3ab301b61ed1b128d6bc6b,"[(11.06845736503601, 49.466046260189415), (11.068800687789917, 49.465948642921546), (11.069144010543823, 49.46584405277585), (11.069857478141785, 49.46565578995095), (11.070259809494019, 49.4655651446291), (11.070646047592163, 49.46546055366475), (11.070769429206848, 49.46543963544508)]",0.0,0.0,2026-09-28 16:10:00,0.9
Traffic flow_1e65193134aa9911f788b61312172d85083f322a,"[(11.075114607810974, 49.46655526136362), (11.074894666671753, 49.466569206526835), (11.073135137557983, 49.46662847342626)]",0.0,0.0,2026-09-28 16:10:00,0.9
Traffic flow_ff2179c29d617edd68d5c2e418985a53a8b8e09b,"[(11.069680452346802, 49.466750493287556), (11.070329546928406, 49.46665287742283), (11.07095181941986, 49.466576179106966), (11.071118116378784, 49.46656223394572), (11.071311235427856, 49.46655526136362)]",3.0,0.0,2026-09-28 16:10:00,0.9
Traffic flow_774e73beb4ba9b70534d5a90d4d3d19d9944a1cb,"[(11.071445345878601, 49.465328071456035), (11.070769429206848, 49.46543963544508)]",5.0,0.0,2026-09-28 16:10:00,0.9
Traffic flow_b45476aca635a6ed6be882436552ef5fad35da1d,"[(11.071080565452576, 49.46613341829994), (11.071139574050903, 49.4661578225431), (11.071161031723022, 49.46617525413792), (11.071413159370422, 49.46655874765479)]",5.0,0.0,2026-09-28 16:10:00,0.9
Traffic flow_cdcfe9d3479e6ad725fc1d9b2404c0a1fcc383d2,"[(11.07022225856781, 49.468232138782106), (11.071836948394775, 49.4682530558095), (11.072357296943665, 49.4682530558095)]",10.0,0.0,2026-09-28 16:10:00,0.9
Traffic flow_9efbe79cd9943528d006aca4db0f668ff4b7f6e8,"[(11.069020628929138, 49.46683765014528), (11.069680452346802, 49.466750493287556), (11.070157885551453, 49.46794627184601), (11.070184707641602, 49.46800205089136), (11.07022225856781, 49.46812058115185), (11.07022225856781, 49.468232138782106)]",10.0,0.0,2026-09-28 16:10:00,0.9
Traffic flow_b37cfe46f23529c9df1d6fb06f3e873ca8220ac6,"[(11.075318455696106, 49.46818681852545), (11.073607206344604, 49.46822865261001), (11.072357296943665, 49.4682530558095)]",10.0,0.0,2026-09-28 16:10:00,0.9
Traffic flow_2d72602fee714f658f7f5fe1b2853abbbbc7a147,"[(11.06897234916687, 49.461855515291994), (11.069197654724121, 49.46181716239408), (11.069278120994568, 49.46181018913668), (11.069401502609253, 49.46183459553321), (11.069508790969849, 49.46189038153678), (11.070672869682312, 49.46252494285735), (11.0709947347641, 49.462709731147505), (11.071193218231201, 49.46280038175204), (11.07120931148529, 49.46280735486852), (11.071246862411499, 49.46281084142638), (11.071268320083618, 49.46280735486852), (11.071284413337708, 49.46279689519343), (11.071300506591797, 49.46277597583654), (11.071305871009827, 49.462709731147505), (11.07121467590332, 49.46204379271912), (11.071128845214844, 49.461081478268966), (11.071118116378784, 49.4602690749096)]",10.0,0.0,2026-09-28 16:10:00,0.9
Traffic flow_20aa33657071dab516ef7863ceb0de90d20a11b7,"[(11.0719496011734, 49.46665636370706), (11.07170283794403, 49.46660058312958), (11.07148826122284, 49.46655874765479), (11.071300506591797, 49.46655526136362), (11.071118116378784, 49.46656223394572), (11.07095181941986, 49.466576179106966), (11.070329546928406, 49.46665287742283), (11.069680452346802, 49.466750493287556)]",10.0,0.0,2026-09-28 16:10:00,0.9
Traffic flow_54acee7ddf6dae1a2a3df18c311c165a6f06fbe2,"[(11.06971800327301, 49.463640635143086), (11.06972873210907, 49.46354301308226), (11.069680452346802, 49.46344539082693), (11.069374680519104, 49.46289103218887), (11.069342494010925, 49.46280735486852), (11.0692298412323, 49.4625632952013), (11.068843603134155, 49.46151033813004), (11.068564653396606, 49.460642154519526), (11.0684734582901, 49.46042249116782), (11.068403720855713, 49.4602690749096)]",15.0,0.0,2026-09-28 16:10:00,0.9
Traffic flow_0395df8cb668b9198f2967b42fe8f794ade99b15,"[(11.072357296943665, 49.4682530558095), (11.072593331336975, 49.46878992312291), (11.07261747121811, 49.46883872895058)]",15.0,0.0,2026-09-28 16:10:00,0.9
Traffic flow_db84871060f076a7d4bf29ea1f936f507c478f47,"[(11.071118116378784, 49.4602690749096), (11.071128845214844, 49.461081478268966), (11.07121467590332, 49.46204379271912), (11.071305871009827, 49.462709731147505), (11.071300506591797, 49.46277597583654), (11.071284413337708, 49.46279689519343), (11.071268320083618, 49.46280735486852), (11.07123076915741, 49.46281084142638), (11.07120931148529, 49.46280735486852), (11.071166396141052, 49.46278992207545), (11.0709947347641, 49.462709731147505), (11.070672869682312, 49.46252494285735), (11.069444417953491, 49.461855515291994), (11.069401502609253, 49.46183459553321), (11.069278120994568, 49.46181018913668), (11.069197654724121, 49.46181716239408), (11.06897234916687, 49.461855515291994)]",15.0,0.0,2026-09-28 16:10:00,0.9
Traffic flow_81d7a6cf89b83c4dcf990855b5348a6089e7dc30,"[(11.073285341262817, 49.46416709361841), (11.073371171951294, 49.46414268838366), (11.073510646820068, 49.46412525606568), (11.075318455696106, 49.46394395959106)]",15.0,0.0,2026-09-28 16:10:00,0.9
Traffic flow_e1e0df9aa345004c2bcaf8e44f6a848add37900c,"[(11.070646047592163, 49.46546055366475), (11.071037650108337, 49.46606020549751), (11.071080565452576, 49.46613341829994), (11.07121467590332, 49.466405350608255), (11.071300506591797, 49.46655526136362), (11.071439981460571, 49.46674700701003), (11.071681380271912, 49.467036367201125), (11.071767210960388, 49.46714792730027), (11.071938872337341, 49.46742682643672), (11.072035431861877, 49.467475633622364)]",20.0,0.0,2026-09-28 16:10:00,0.9
Traffic flow_db03d6794b675f6288baceb377fafd0df82ce75d,"[(11.07261747121811, 49.46883872895058), (11.072593331336975, 49.46878992312291), (11.072357296943665, 49.46824956963888)]",20.0,0.0,2026-09-28 16:10:00,0.9
Traffic flow_88a20b5c42220d83236bf15be8e57d2769af7fb4,"[(11.062132716178894, 49.468101407158564), (11.062309741973877, 49.467956730421854), (11.062352657318115, 49.467928840881314), (11.062417030334473, 49.467907923715494), (11.064396500587463, 49.46755930297034), (11.064954400062561, 49.46745471626304), (11.065549850463867, 49.46736058803558), (11.066815853118896, 49.46717233103809), (11.06697142124176, 49.467140954801515), (11.068189144134521, 49.466952696960064), (11.069020628929138, 49.46683765014528)]",20.0,0.0,2026-09-28 16:10:00,0.9
Traffic flow_6971d174b8fcee88ead27fa001f75331bbd1eefd,"[(11.071177124977112, 49.466007910571655), (11.07124149799347, 49.46598350625382), (11.071380972862244, 49.46595212925588), (11.071654558181763, 49.46592075223786)]",20.0,0.0,2026-09-28 16:10:00,0.9
Traffic flow_97662af7d7ba1559de96d845a3c05f59f4b1d8bf,"[(11.065329909324646, 49.46654480248859), (11.065313816070557, 49.46647856289492), (11.065313816070557, 49.46642626841561), (11.065329909324646, 49.466304247746805), (11.065367460250854, 49.46619268572653), (11.065399646759033, 49.466119473012675), (11.065453290939331, 49.46603580120573), (11.065641045570374, 49.465805702999816), (11.065753698348999, 49.465634871814636), (11.066091656684875, 49.464916677050894), (11.066182851791382, 49.464676114315175), (11.066402792930603, 49.464184525921496), (11.066644191741943, 49.46368944610057)]",20.0,0.0,2026-09-28 16:10:00,0.9
Traffic flow_dfba519bdac10aa70e35690470538b9a628277c6,"[(11.073285341262817, 49.46416709361841), (11.073328256607056, 49.46424728216128), (11.073853969573975, 49.46485392166849), (11.073934435844421, 49.464934109087295), (11.07420802116394, 49.46524788468199), (11.074567437171936, 49.465617440027565), (11.074653267860413, 49.46572203065702), (11.07471227645874, 49.46578129858126), (11.074787378311157, 49.465833593749), (11.074830293655396, 49.465868457163154), (11.074862480163574, 49.465903320552485), (11.075093150138855, 49.46643324101607), (11.075109243392944, 49.46648553548795), (11.075114607810974, 49.46655526136362)]",20.0,0.0,2026-09-28 16:10:00,0.9
Traffic flow_2111e26f9628582aa747855ff29dbdbd0f68329d,"[(11.070769429206848, 49.46543614907427), (11.070672869682312, 49.46531761231904), (11.070597767829895, 49.46526880298353)]",25.0,0.0,2026-09-28 16:10:00,0.9
Traffic flow_5bfe7f6f7cdfaa9e5703b9565d63c8a539d921be,"[(11.070597767829895, 49.46526880298353), (11.070265173912048, 49.46462730434062), (11.070190072059631, 49.46447738768612), (11.069878935813904, 49.463968364924796), (11.06971263885498, 49.463647608139986)]",25.0,0.0,2026-09-28 16:10:00,0.9
Traffic flow_4570e57ae208d0c709a12894cb91ad03115b3cc1,"[(11.070769429206848, 49.46543963544508), (11.070646047592163, 49.46546055366475), (11.070259809494019, 49.4655651446291), (11.069857478141785, 49.46565578995095), (11.069144010543823, 49.46584405277585), (11.06845736503601, 49.46604974651681), (11.06749713420868, 49.46625892570671), (11.066751480102539, 49.46637397388048), (11.065329909324646, 49.46654480248859), (11.065335273742676, 49.46655526136362)]",25.0,0.0,2026-09-28 16:10:00,0.9
Traffic flow_4bf92f11cfcd7d0a1cf4be4493db366f092f18bd,"[(11.066644191741943, 49.46368944610057), (11.066402792930603, 49.464184525921496), (11.066182851791382, 49.464676114315175), (11.066091656684875, 49.464916677050894), (11.065753698348999, 49.465634871814636), (11.065641045570374, 49.465805702999816), (11.065453290939331, 49.46603580120573), (11.065399646759033, 49.466119473012675), (11.065367460250854, 49.46619268572653), (11.065329909324646, 49.466304247746805), (11.065313816070557, 49.46642626841561), (11.065313816070557, 49.46647856289492), (11.065329909324646, 49.46654480248859)]",25.0,0.0,2026-09-28 16:10:00,0.9
Traffic flow_d636e162a8c7251a98a5bc21e099fa2a4b669b2c,"[(11.071654558181763, 49.46592075223786), (11.071509718894958, 49.46553725372711), (11.071445345878601, 49.465328071456035)]",25.0,0.0,2026-09-28 16:10:00,0.9
Traffic flow_1807e5a4598dc8a9da35ccf744ef6e9df52fc506,"[(11.068154275417328, 49.4602690749096), (11.068516373634338, 49.46103963808157), (11.068806052207947, 49.46184156878713)]",30.0,0.0,2026-09-28 16:10:00,0.9
Traffic flow_89f0d18e84032f2e6d33a5a4ab68922916fa96f8,"[(11.06971800327301, 49.463651094638074), (11.069878935813904, 49.463968364924796), (11.070061326026917, 49.464261227981424), (11.070190072059631, 49.46447738768612), (11.070399284362793, 49.46489227218951), (11.070597767829895, 49.46526880298353)]",30.0,0.0,2026-09-28 16:10:00,0.9
Traffic flow_8303157aa71ea48a19643fdd1cde0bc52ebe5d3a,"[(11.072357296943665, 49.4682530558095), (11.0739666223526, 49.46822168026506), (11.075318455696106, 49.46818681852545)]",30.0,0.0,2026-09-28 16:10:00,0.9
Traffic flow_d5de5552f2406517ba45bde90af7082b035dd927,"[(11.071311235427856, 49.46655526136362), (11.07148826122284, 49.46655874765479), (11.07170283794403, 49.46660058312958), (11.07195496559143, 49.466659849991046), (11.073135137557983, 49.46662847342626)]",30.0,0.0,2026-09-28 16:10:00,0.9
Traffic flow_be69d072b8767446427fd7fc39f5c0832deb568c,"[(11.065426468849182, 49.45793987817347), (11.065592765808105, 49.457922443648755), (11.066080927848816, 49.45785270548785), (11.066547632217407, 49.45775855881322), (11.066848039627075, 49.457685333496805), (11.067164540290833, 49.45760164728692), (11.067556142807007, 49.45751098706496), (11.067674160003662, 49.45746914382903), (11.06772780418396, 49.45744124831856), (11.067829728126526, 49.45739591808018)]",5.0,0.0,2026-09-28 16:10:00,0.9
Traffic flow_f0daf11d4b437b66f89e6663a491e52a1eaaf46a,"[(11.070399284362793, 49.458267646083826), (11.070377826690674, 49.458299028002806), (11.070340275764465, 49.458403634254275), (11.070313453674316, 49.458591924944244), (11.07023298740387, 49.45935902768516), (11.070179343223572, 49.45962402402332), (11.070141792297363, 49.459749548104405), (11.070018410682678, 49.46004243637656), (11.069932579994202, 49.46021328706026), (11.069809198379517, 49.46051663272483), (11.069675087928772, 49.46081300311233), (11.06945514678955, 49.461395278535726), (11.069380044937134, 49.461614937526804), (11.06933981180191, 49.461698616883446)]",10.0,0.0,2026-09-28 16:10:00,0.9
Traffic flow_a7a46fd97cdacecc094ffab2257b86a4a0d7399f,"[(11.067765355110168, 49.45744124831856), (11.068022847175598, 49.4574621699529), (11.069068908691406, 49.45768184657424), (11.069417595863342, 49.45777599339624), (11.070045232772827, 49.45798520790871), (11.070351004600525, 49.45808284104222), (11.070410013198853, 49.458103762402665), (11.070554852485657, 49.458124683754185), (11.070688962936401, 49.458156065764705), (11.070790886878967, 49.45817001331849), (11.070860624313354, 49.458173500206314)]",10.0,0.0,2026-09-28 16:10:00,0.9
Traffic flow_ad446375a98915a99aa1b2d7ae401a819845db59,"[(11.066322326660156, 49.46128370533777), (11.06649935245514, 49.46134297863082), (11.06671392917633, 49.461419685138914), (11.067196726799011, 49.46157658444058), (11.067298650741577, 49.46160796424063), (11.067666113376617, 49.461698616883446)]",10.0,0.0,2026-09-28 16:10:00,0.9
Traffic flow_a8e339615bdbdc89ff4739dc296d295a2e7d6bb7,"[(11.074500381946564, 49.461698616883446), (11.07447624206543, 49.46147198496195), (11.0744708776474, 49.46126975867016), (11.074492335319519, 49.460799056310755), (11.074529886245728, 49.460561960076674)]",10.0,0.0,2026-09-28 16:10:00,0.9
Traffic flow_6e8d8618df3b6189158305812646bf912043e681,"[(11.071359515190125, 49.457999155511125), (11.071633100509644, 49.45828508048574), (11.071692109107971, 49.458358304906056), (11.071799397468567, 49.45853962204737), (11.071836948394775, 49.45864422778529), (11.072298288345337, 49.45872093851785), (11.072507500648499, 49.45874883329992), (11.072587966918945, 49.458752320146566), (11.072646975517273, 49.45884995175182), (11.072679162025452, 49.4589371226636), (11.0727059841156, 49.45898245147643), (11.072754263877869, 49.45903824072699), (11.072813272476196, 49.4590905430917), (11.072883009910583, 49.459142845400585), (11.073011755943298, 49.45920909491173), (11.073108315467834, 49.45924047622784), (11.073333621025085, 49.45927883114248), (11.073929071426392, 49.45935902768516), (11.073993444442749, 49.459379948500796), (11.074036359786987, 49.45941132970751), (11.074095368385315, 49.45947757885568), (11.074159741401672, 49.459460144878), (11.074293851852417, 49.45944968448842), (11.07444941997528, 49.45944968448842), (11.074765920639038, 49.459474092060645), (11.075157523155212, 49.45947757885568), (11.075318455696106, 49.45948280904778)]",15.0,0.0,2026-09-28 16:10:00,0.9
Traffic flow_a1ea1c58a5c5cfd9ea32120c9a637468f91b5c54,"[(11.075318455696106, 49.45800264241111), (11.075275540351868, 49.45796079959495), (11.075178980827332, 49.45788408767254), (11.075034141540527, 49.457782967227715), (11.074830293655396, 49.45766441195772), (11.074508428573608, 49.45750750013), (11.074503064155579, 49.457458683014465), (11.074508428573608, 49.45743427443846), (11.074529886245728, 49.4574098658503), (11.074551343917847, 49.45739243113703), (11.074604988098145, 49.45737499641756), (11.07470154762268, 49.45739243113703), (11.074905395507812, 49.457458683014465), (11.075318455696106, 49.45756154759405)]",15.0,0.0,2026-09-28 16:10:00,0.9
Traffic flow_f87846974ad8d94d91c20d3ac5be98ab0a5e7615,"[(11.073092222213745, 49.45643002534397), (11.07296347618103, 49.456520687565565), (11.072936654090881, 49.456604375621254), (11.072883009910583, 49.45672293345553), (11.072818636894226, 49.45683800402041), (11.07271671295166, 49.456970509184686), (11.072657704353333, 49.45703676163248), (11.072528958320618, 49.45714485753925), (11.072448492050171, 49.45720762279505), (11.072190999984741, 49.45738894419363), (11.071885228157043, 49.457584212641876), (11.071697473526001, 49.457688820419115), (11.07148289680481, 49.4577794803121), (11.070865988731384, 49.457974747204304), (11.07073187828064, 49.458020076907296), (11.070672869682312, 49.458051458984805), (11.070554852485657, 49.458124683754185), (11.0704904794693, 49.45818744775514), (11.070399284362793, 49.458267646083826)]",20.0,0.0,2026-09-28 16:10:00,0.9
Traffic flow_e2e112d639f360b1822d47ae0dc227fc4b2f2aa5,"[(11.067666113376617, 49.461698616883446), (11.067298650741577, 49.46160796424063), (11.06697678565979, 49.46150685147964), (11.06671392917633, 49.461419685138914), (11.06649935245514, 49.46134297863082), (11.066300868988037, 49.46128021867124), (11.066161394119263, 49.46122094530228), (11.065952181816101, 49.46116864521131), (11.0647451877594, 49.46095247090975), (11.06424629688263, 49.460861816886585), (11.06273353099823, 49.46057242022884), (11.062132716178894, 49.46047479205515)]",20.0,0.0,2026-09-28 16:10:00,0.9
Traffic flow_971e91461573d12723b2a570834f31d2d2da0ea3,"[(11.075318455696106, 49.4605183760853), (11.075044870376587, 49.46055498664065), (11.074883937835693, 49.460561960076674), (11.074529886245728, 49.460561960076674), (11.073784232139587, 49.46050965928237), (11.073322892189026, 49.46046084515732), (11.072802543640137, 49.46037367695593), (11.072378754615784, 49.460272561648075), (11.071906685829163, 49.46013657866371), (11.071413159370422, 49.45996224095227), (11.07122540473938, 49.45990296598909), (11.071085929870605, 49.45986461156294)]",20.0,0.0,2026-09-28 16:10:00,0.9
Traffic flow_867e85e5fa97011406af09467fdd6fb9ebd0349c,"[(11.070860624313354, 49.458173500206314), (11.071026921272278, 49.45809678861684), (11.071359515190125, 49.457999155511125), (11.071579456329346, 49.45791546983713), (11.072056889533997, 49.45765395118484), (11.07222855091095, 49.45753888253574), (11.072502136230469, 49.457343613906886), (11.07272207736969, 49.45716577930011), (11.072872281074524, 49.45704024860094), (11.07298493385315, 49.456928665487304), (11.073060035705566, 49.45681708211963), (11.073086857795715, 49.45676129034051), (11.073135137557983, 49.45662878461058), (11.073156595230103, 49.45654509659657), (11.073092222213745, 49.45643002534397)]",30.0,0.0,2026-09-28 16:10:00,0.9
Traffic flow_4b1e04b05ded91375e88602a25463656d194059d,"[(11.070865988731384, 49.457974747204304), (11.070780158042908, 49.457974747204304), (11.070688962936401, 49.45798172100749), (11.070608496665955, 49.45797823410602), (11.070410013198853, 49.457950338885325), (11.069267392158508, 49.45767138580507), (11.06824815273285, 49.45744822219767), (11.067942380905151, 49.45739243113703), (11.067829728126526, 49.45739591808018), (11.06772243976593, 49.45736802252804), (11.067454218864441, 49.45727038797048), (11.06723964214325, 49.45716926625939), (11.06673002243042, 49.45691123060285), (11.066531538963318, 49.456806621165875), (11.066070199012756, 49.45657996661978), (11.065936088562012, 49.456520687565565), (11.0655015707016, 49.45637074610841), (11.065147519111633, 49.45629751871842), (11.064353585243225, 49.45611270624766), (11.063441634178162, 49.45589302259287), (11.063366532325745, 49.4558965096427)]",30.0,0.0,2026-09-28 16:10:00,0.9
Traffic flow_14254474da0170caa5d495436455427db2e74995,"[(11.06948733329773, 49.461698616883446), (11.069503426551819, 49.461663750502204), (11.0699862241745, 49.46057939366238), (11.070061326026917, 49.46042946462268), (11.070125699043274, 49.4602621014319), (11.07020616531372, 49.4600842774154), (11.07020616531372, 49.460073817159035)]",35.0,0.0,2026-09-28 16:10:00,0.9
Traffic flow_6f18c68c2c33c23dfb2c8a671776b73184b16532,"[(11.082040071487427, 49.4637800948926), (11.082061529159546, 49.46386725703447), (11.082088351249695, 49.464065986138166), (11.08219563961029, 49.46578129858126), (11.08220100402832, 49.46596956092388), (11.08221709728241, 49.46615433622339), (11.082249283790588, 49.46629030250817), (11.082399487495422, 49.466624987140044), (11.082431674003601, 49.466701685379505), (11.08245313167572, 49.4667783834989)]",0.0,0.0,2026-09-28 16:10:00,0.9
Traffic flow_d6b65de1964b24c60aae6a23ee7cab956788bfd7,"[(11.075114607810974, 49.46655526136362), (11.074894666671753, 49.466569206526835), (11.073140501976013, 49.46662847342626)]",0.0,0.0,2026-09-28 16:10:00,0.9
Traffic flow_d5ad33882f7232f17aeae501a152d4a9a02edc11,"[(11.078510284423828, 49.46687948538192), (11.078161597251892, 49.46687948538192), (11.077871918678284, 49.466862054037655), (11.07721209526062, 49.4667818697742)]",0.0,0.0,2026-09-28 16:10:00,0.9
Traffic flow_b0709494442173cf4b55a73321f2649edfef26d6,"[(11.077405214309692, 49.46822516643766), (11.076670289039612, 49.46828094516546), (11.07647180557251, 49.46828094516546), (11.076310873031616, 49.46826351431985), (11.07597827911377, 49.46818681852545), (11.075844168663025, 49.46817635999873), (11.07573688030243, 49.46817287382267), (11.075613498687744, 49.46817635999873), (11.075570583343506, 49.46818333235013), (11.075431108474731, 49.46818333235013), (11.073607206344604, 49.46822865261001), (11.073119044303894, 49.468237368039794)]",10.0,0.0,2026-09-28 16:10:00,0.9
Traffic flow_c421560019736096dfa6ccbd862761e203512753,"[(11.081417798995972, 49.46030045554695), (11.080361008644104, 49.46030045554695), (11.08019471168518, 49.46029348207371), (11.080151796340942, 49.46030394228319), (11.080119609832764, 49.46031788922568), (11.080098152160645, 49.460356243297056), (11.080049872398376, 49.460642154519526), (11.07997477054596, 49.460659588076695), (11.079926490783691, 49.46069794188063), (11.07994258403778, 49.46071886212467), (11.07995331287384, 49.46075721588222), (11.07995867729187, 49.460987337797086), (11.07998013496399, 49.46103615139767), (11.080006957054138, 49.461050098131764), (11.080103516578674, 49.46106055817973), (11.080511212348938, 49.461081478268966), (11.08147144317627, 49.46110588502845)]",10.0,0.0,2026-09-28 16:10:00,0.9
Traffic flow_0db3d5bbeae3bd2cbfb4be71a9b3bb22a9102bf5,"[(11.08245313167572, 49.4667818697742), (11.08245313167572, 49.466834163873955), (11.08246386051178, 49.46691783431745), (11.08245849609375, 49.466931779377475), (11.08245849609375, 49.467001504618054), (11.082394123077393, 49.46748609229868), (11.082372665405273, 49.46781379635879), (11.082324385643005, 49.46819727704994), (11.082297563552856, 49.46859469932603), (11.082260012626648, 49.46883175669246), (11.082257330417633, 49.46883872895058)]",15.0,0.0,2026-09-28 16:10:00,0.9
Traffic flow_208981c1a4b99a2355c31eb47e77dbf4a90795c1,"[(11.08245313167572, 49.4667783834989), (11.08245313167572, 49.4667818697742)]",15.0,0.0,2026-09-28 16:10:00,0.9
Traffic flow_4d8d2b301b16eab499a7e61058fa67943db1f876,"[(11.084641814231873, 49.466928293112844), (11.084582805633545, 49.46690040298683), (11.08447551727295, 49.466889944185496), (11.083595752716064, 49.46684113641637), (11.082571148872375, 49.466792328598615), (11.08245313167572, 49.4667818697742)]",15.0,0.0,2026-09-28 16:10:00,0.9
Traffic flow_1d8cf6a3b566b0489e2fd77981b1c5a55996ab18,"[(11.077432036399841, 49.46822168026506), (11.078107953071594, 49.46817635999873), (11.078504920005798, 49.468155442938595), (11.07969582080841, 49.468155442938595), (11.082324385643005, 49.46819727704994)]",15.0,0.0,2026-09-28 16:10:00,0.9
Traffic flow_9ac1c978793a5b0bcda79fd1bebfa9782467cb1d,"[(11.086304783821106, 49.464789422997264), (11.086159944534302, 49.46486438090447), (11.086117029190063, 49.464888785779756), (11.086020469665527, 49.464986405159294), (11.085564494132996, 49.46564533088391), (11.085494756698608, 49.46575340780231), (11.084641814231873, 49.466928293112844)]",15.0,0.0,2026-09-28 16:10:00,0.9
Traffic flow_1fdff5e2588d26c500fb5e3228a1600c43273d7c,"[(11.073285341262817, 49.46416709361841), (11.073376536369324, 49.46414268838366), (11.073510646820068, 49.46412525606568), (11.07597291469574, 49.463877716481065), (11.076031923294067, 49.46386725703447), (11.076123118400574, 49.46386028406883), (11.076911687850952, 49.46386725703447), (11.078504920005798, 49.46386028406883), (11.078628301620483, 49.463870743516914), (11.079298853874207, 49.46386725703447), (11.07995867729187, 49.46385679758563), (11.080382466316223, 49.46384285165038), (11.08123004436493, 49.46379404084572), (11.081557273864746, 49.46378358138125), (11.082040071487427, 49.46378358138125)]",15.0,0.0,2026-09-28 16:10:00,0.9
Traffic flow_e0f7063bb4d04cc1705b809c604fcb4815636f7e,"[(11.082040071487427, 49.4637800948926), (11.081991791725159, 49.46354649958778), (11.081857681274414, 49.46303746715564), (11.081804037094116, 49.462769002715596), (11.081750392913818, 49.46260862065998), (11.08169674873352, 49.462507509963814), (11.081616282463074, 49.462381992947286), (11.081584095954895, 49.46224950241436), (11.081562638282776, 49.46212747134341), (11.081525087356567, 49.461670723780436), (11.08144998550415, 49.46090017053224), (11.081428527832031, 49.46064564123146), (11.081417798995972, 49.4602690749096)]",20.0,0.0,2026-09-28 16:10:00,0.9
Traffic flow_820a9abad5dceee6a218a3faf59aba501cd94c38,"[(11.08321487903595, 49.46883872895058), (11.08372449874878, 49.46828443133385), (11.083987355232239, 49.46797764756683), (11.08419120311737, 49.46763599974713), (11.084641814231873, 49.466928293112844)]",20.0,0.0,2026-09-28 16:10:00,0.9
Traffic flow_a7f171a9bc0ef448649232d7e077155de791f743,"[(11.085376739501953, 49.46812406733164), (11.084083914756775, 49.46828094516546), (11.08372449874878, 49.46828443133385), (11.082324385643005, 49.46819727704994)]",20.0,0.0,2026-09-28 16:10:00,0.9
Traffic flow_376038a9cfbd5673d12fdf260dacdcf72ef9fd65,"[(11.07597827911377, 49.46818681852545), (11.075870990753174, 49.468085719340294), (11.075806617736816, 49.46801250945529), (11.075661778450012, 49.46775453089326), (11.075291633605957, 49.46706077099452), (11.075130701065063, 49.46671214422104), (11.075114607810974, 49.466659849991046), (11.075109243392944, 49.46661801456686), (11.075114607810974, 49.46655526136362)]",20.0,0.0,2026-09-28 16:10:00,0.9
Traffic flow_295ee553477783e89f2afc546756dcaf245fea42,"[(11.073285341262817, 49.46416709361841), (11.073333621025085, 49.46424728216128), (11.073859333992004, 49.46485392166849), (11.073939800262451, 49.464934109087295), (11.07420802116394, 49.46524788468199), (11.074567437171936, 49.465617440027565), (11.074653267860413, 49.46572203065702), (11.07471227645874, 49.46578129858126), (11.074787378311157, 49.465833593749), (11.074830293655396, 49.465868457163154), (11.074862480163574, 49.465903320552485), (11.075093150138855, 49.46643324101607), (11.075109243392944, 49.46648553548795), (11.075114607810974, 49.46655526136362)]",20.0,0.0,2026-09-28 16:10:00,0.9
Traffic flow_743a0e1e63bbd11c1f2a17f05b2c346e4b415b11,"[(11.081420481204987, 49.4602690749096), (11.081417798995972, 49.46030045554695), (11.081428527832031, 49.46064564123146), (11.081503629684448, 49.46148593157201), (11.081525087356567, 49.461670723780436), (11.081530451774597, 49.461782296097184), (11.081562638282776, 49.46212747134341), (11.081584095954895, 49.46224950241436), (11.081616282463074, 49.462381992947286), (11.08169674873352, 49.462507509963814), (11.081750392913818, 49.46260862065998), (11.081804037094116, 49.462769002715596), (11.081857681274414, 49.46303746715564), (11.081991791725159, 49.46354649958778), (11.082040071487427, 49.4637800948926)]",25.0,0.0,2026-09-28 16:10:00,0.9
Traffic flow_ebbe0d131dc490c02ae2fc9bcd5a82c5c62d1dc4,"[(11.073285341262817, 49.46416709361841), (11.073119044303894, 49.46417580977073)]",25.0,0.0,2026-09-28 16:10:00,0.9
Traffic flow_f623e50d9a820f8b7cf59048560587fec44caf06,"[(11.082040071487427, 49.46378358138125), (11.081557273864746, 49.46378358138125), (11.08123004436493, 49.46379404084572), (11.080382466316223, 49.46384285165038), (11.07995867729187, 49.46385679758563), (11.079298853874207, 49.46386725703447), (11.078628301620483, 49.463870743516914), (11.078504920005798, 49.46386028406883), (11.076852679252625, 49.46386725703447), (11.076123118400574, 49.46386028406883), (11.076031923294067, 49.46386725703447), (11.07597291469574, 49.463877716481065), (11.073510646820068, 49.46412525606568), (11.073376536369324, 49.46414268838366), (11.073285341262817, 49.46416709361841)]",25.0,0.0,2026-09-28 16:10:00,0.9
Traffic flow_a5f444379d33a99d73efd690df77320d7e9593a9,"[(11.08245313167572, 49.4667818697742), (11.082431674003601, 49.466701685379505), (11.082345843315125, 49.46649599437562), (11.082249283790588, 49.46629030250817), (11.08221709728241, 49.46615433622339), (11.08220100402832, 49.46596956092388), (11.08219563961029, 49.46578129858126), (11.082131266593933, 49.46477024770025)]",30.0,0.0,2026-09-28 16:10:00,0.9
Traffic flow_9280fb4cc75dcabdf9ff4431fc3175ba4763f9c0,"[(11.073119044303894, 49.46823911112556), (11.0739666223526, 49.46822168026506), (11.075431108474731, 49.46818333235013), (11.075570583343506, 49.46818333235013), (11.075613498687744, 49.46817635999873), (11.07573688030243, 49.46817287382267), (11.075844168663025, 49.46817635999873), (11.07597827911377, 49.46818681852545), (11.076310873031616, 49.46826351431985), (11.07647180557251, 49.46828094516546), (11.076670289039612, 49.46828094516546), (11.077432036399841, 49.46822168026506)]",30.0,0.0,2026-09-28 16:10:00,0.9
Traffic flow_3d231e75ef0f768484180ddb66ffc176f6ce481a,"[(11.086304783821106, 49.462999115182825), (11.085355281829834, 49.46301306135823), (11.084550619125366, 49.46302352098718), (11.08371376991272, 49.46304444023838), (11.082656979560852, 49.46305489986062), (11.082013249397278, 49.46307233255941), (11.08193814754486, 49.463061872940884), (11.081857681274414, 49.46303746715564)]",30.0,0.0,2026-09-28 16:10:00,0.9
Traffic flow_c40d9ba6603031b7e063e19d53f76186443cb17b,"[(11.081428527832031, 49.46064564123146), (11.081852316856384, 49.460649127943135), (11.084105372428894, 49.460642154519526), (11.084652543067932, 49.460614260815156), (11.08521580696106, 49.46055847335879), (11.085789799690247, 49.460485252225915), (11.086304783821106, 49.46041203098364)]",30.0,0.0,2026-09-28 16:10:00,0.9
Traffic flow_564dea225ec8a1cce5daaf8f98bae50e04f6367e,"[(11.085408926010132, 49.46812058115185), (11.086304783821106, 49.46801599564277)]",35.0,0.0,2026-09-28 16:10:00,0.9
Traffic flow_c2dd5aff100b1b4c6a3da628e42642474eb03897,"[(11.082324385643005, 49.46819727704994), (11.07969582080841, 49.468155442938595), (11.078504920005798, 49.468155442938595), (11.078107953071594, 49.46817635999873), (11.077415943145752, 49.46822168026506), (11.077405214309692, 49.46822516643766)]",40.0,0.0,2026-09-28 16:10:00,0.9
Traffic flow_db4d2c3039b415d36915f7bba53fc436c7ab2ee5,"[(11.083579659461975, 49.458842978072184), (11.083788871765137, 49.45882554386874), (11.083858609199524, 49.45882554386874), (11.08393907546997, 49.458818570185635), (11.084121465682983, 49.458822057027305), (11.084228754043579, 49.45884646491213)]",10.0,0.0,2026-09-28 16:10:00,0.9
Traffic flow_14e5a220a23fe2ddaefb51b4e69441d9e8b9413f,"[(11.07846736907959, 49.459142845400585), (11.078735589981079, 49.459107977200865), (11.079272031784058, 49.459073108976334), (11.079572439193726, 49.45905567485476), (11.079663634300232, 49.45901034610964)]",10.0,0.0,2026-09-28 16:10:00,0.9
Traffic flow_a395534848b54bc2b1b3b3671f467cf316601c35,"[(11.075870990753174, 49.460432951349745), (11.075865626335144, 49.460436438076556)]",10.0,0.0,2026-09-28 16:10:00,0.9
Traffic flow_8fff912821e41430d396e9f1649e200cb9785802,"[(11.076026558876038, 49.4611198317427), (11.076117753982544, 49.46110239834927), (11.076428890228271, 49.461095424990155), (11.07671856880188, 49.461095424990155), (11.076745390892029, 49.46108845163006), (11.076756119728088, 49.46107101822547), (11.076836585998535, 49.46053406632666), (11.076858043670654, 49.46042597789537)]",10.0,0.0,2026-09-28 16:10:00,0.9
Traffic flow_84bd9a8d01cae344d18b1976db9ced2aa4d1723d,"[(11.0787034034729, 49.460593340526465), (11.078735589981079, 49.46106055817973), (11.078751683235168, 49.46143363176385), (11.078773140907288, 49.46155915120965), (11.078789234161377, 49.46159401766531), (11.078816056251526, 49.461614937526804), (11.078864336013794, 49.46162191081198), (11.079164743423462, 49.46159053102086), (11.079502701759338, 49.461541717972516), (11.079626083374023, 49.46151731143011), (11.079915761947632, 49.46141619848206), (11.08018934726715, 49.46134297863082), (11.080334186553955, 49.46131159866108), (11.08044683933258, 49.461304625331735)]",10.0,0.0,2026-09-28 16:10:00,0.9
Traffic flow_9ba9732a430d46d3269607490cc8c905634c8895,"[(11.079996228218079, 49.45815955265353), (11.079910397529602, 49.458403634254275), (11.07971727848053, 49.458881333297924), (11.07970654964447, 49.458919688493644), (11.07971727848053, 49.459003372452834), (11.080425381660461, 49.45899988562405), (11.080790162086487, 49.459003372452834), (11.081149578094482, 49.45901731976547), (11.08193814754486, 49.45902080659301), (11.082592606544495, 49.45899291196575), (11.08296275138855, 49.458958043659344), (11.083386540412903, 49.458888306972106), (11.083579659461975, 49.458842978072184), (11.083874702453613, 49.45873488591088), (11.08396053314209, 49.45868955686904), (11.084073185920715, 49.458612846087355)]",15.0,0.0,2026-09-28 16:10:00,0.9
Traffic flow_7173ea4f46911f8484313d270f5da562cff535bf,"[(11.075870990753174, 49.460432951349745), (11.075801253318787, 49.460119144920476), (11.07569932937622, 49.45982277033655), (11.075618863105774, 49.45959961652577), (11.075613498687744, 49.45956474865104), (11.075618863105774, 49.4595368543334), (11.075667142868042, 49.459491526033354), (11.075157523155212, 49.45947757885568), (11.074765920639038, 49.459474092060645), (11.07444941997528, 49.45944968448842), (11.074293851852417, 49.45944968448842), (11.074165105819702, 49.459460144878), (11.074100732803345, 49.45947757885568), (11.074041724205017, 49.45941132970751), (11.073993444442749, 49.459379948500796), (11.073929071426392, 49.45935902768516), (11.073333621025085, 49.45927883114248), (11.073119044303894, 49.4592422196337)]",15.0,0.0,2026-09-28 16:10:00,0.9
Traffic flow_b85048cf0d39a6c85e8f2de3c0930db933611a87,"[(11.07573688030243, 49.45845593729627), (11.075377464294434, 49.45806191967284), (11.075275540351868, 49.45796079959495), (11.075178980827332, 49.45788408767254), (11.075034141540527, 49.457782967227715), (11.074830293655396, 49.45766441195772), (11.074508428573608, 49.45750750013), (11.074503064155579, 49.457458683014465), (11.074508428573608, 49.45743427443846), (11.074529886245728, 49.4574098658503), (11.074551343917847, 49.45739243113703), (11.074604988098145, 49.45737499641756), (11.07470154762268, 49.45739243113703), (11.074905395507812, 49.457458683014465), (11.075436472892761, 49.45759118650064), (11.075656414031982, 49.45762954270609), (11.076428890228271, 49.45770276810587), (11.076670289039612, 49.457692307341176), (11.07694923877716, 49.45766092503368), (11.077405214309692, 49.45759467342965), (11.077576875686646, 49.45757723878212)]",15.0,0.0,2026-09-28 16:10:00,0.9
Traffic flow_0c238a11abb3c73d5881ec6a928a2458611ca441,"[(11.082769632339478, 49.45959961652577), (11.082919836044312, 49.45961356366871), (11.082994937896729, 49.459630997591816), (11.083016395568848, 49.459648431508704), (11.08346700668335, 49.460126118418515), (11.083520650863647, 49.46021328706026), (11.083552837371826, 49.46033880963196), (11.083547472953796, 49.460387623878574), (11.083526015281677, 49.460419004440006), (11.08347237110138, 49.46045038498134), (11.083370447158813, 49.460481765502585), (11.083091497421265, 49.460548013203656), (11.083059310913086, 49.46030045554695), (11.083032488822937, 49.4601679593859), (11.08297348022461, 49.46000756881691), (11.08294665813446, 49.45994829390856), (11.082909107208252, 49.45988204539673), (11.082893013954163, 49.45986461156294), (11.082839369773865, 49.459847177722956)]",15.0,0.0,2026-09-28 16:10:00,0.9
Traffic flow_ffbca92c1da51b4abef59de8e214e12b253831ba,"[(11.086304783821106, 49.457751584978276), (11.086009740829468, 49.45785270548785), (11.084883213043213, 49.45821882972547), (11.084523797035217, 49.45834784428128), (11.084250211715698, 49.45848034536344), (11.084073185920715, 49.458612846087355), (11.083928346633911, 49.45871047797048), (11.083874702453613, 49.45873488591088), (11.083579659461975, 49.458842978072184), (11.083386540412903, 49.458888306972106), (11.08296275138855, 49.458958043659344), (11.082592606544495, 49.45899291196575), (11.08193814754486, 49.45902080659301), (11.081149578094482, 49.45901731976547), (11.080790162086487, 49.459003372452834), (11.080425381660461, 49.45899988562405), (11.07971727848053, 49.459003372452834), (11.07970654964447, 49.458919688493644), (11.07971727848053, 49.458881333297924), (11.079910397529602, 49.458403634254275), (11.080001592636108, 49.458156065764705), (11.080114245414734, 49.45782132328306), (11.080248355865479, 49.45737499641756), (11.080275177955627, 49.45731920527357), (11.080393195152283, 49.45720413583851), (11.080505847930908, 49.45712044880695), (11.080591678619385, 49.45707163130588), (11.08069896697998, 49.45702281375618), (11.080902814865112, 49.45693563943935), (11.081165671348572, 49.4567961602099), (11.08121931552887, 49.45676129034051), (11.081262230873108, 49.456726420446316), (11.081337332725525, 49.45662181061487), (11.08146607875824, 49.45639864222819)]",20.0,0.0,2026-09-28 16:10:00,0.9
Traffic flow_77752d93e0cc6036e3d2bcea1fa74643dbaf78a3,"[(11.075865626335144, 49.460436438076556), (11.07569932937622, 49.46046781860674), (11.075044870376587, 49.46055498664065), (11.074883937835693, 49.460561960076674), (11.074529886245728, 49.460561960076674), (11.073789596557617, 49.46050965928237), (11.073322892189026, 49.46046084515732), (11.073119044303894, 49.46042597789537)]",20.0,0.0,2026-09-28 16:10:00,0.9
Traffic flow_99d3201b1d8e2f2ea8a1d2676a15da85df536205,"[(11.081278324127197, 49.460345783098745), (11.080484390258789, 49.460377163686964), (11.080253720283508, 49.46039111060861), (11.080055236816406, 49.46039808406795), (11.079647541046143, 49.460356243297056), (11.079491972923279, 49.46032834942993), (11.07922375202179, 49.46025861469269)]",20.0,0.0,2026-09-28 16:10:00,0.9
Traffic flow_08a3dfc8bfcbd28cf3235281665662595222e1bb,"[(11.08044683933258, 49.461304625331735), (11.080334186553955, 49.46131159866108), (11.08018934726715, 49.46134297863082), (11.079915761947632, 49.46141619848206), (11.079626083374023, 49.46151731143011), (11.079390048980713, 49.46155915120965), (11.079164743423462, 49.46159053102086), (11.078864336013794, 49.46162191081198), (11.078816056251526, 49.461614937526804), (11.078789234161377, 49.46159401766531), (11.078773140907288, 49.46155915120965), (11.078751683235168, 49.46143363176385), (11.07873022556305, 49.4609559575996), (11.0787034034729, 49.460593340526465)]",20.0,0.0,2026-09-28 16:10:00,0.9
Traffic flow_7ac2847713ace8ca4e37c5e4b7d48d97b397ec17,"[(11.084073185920715, 49.458612846087355), (11.084228754043579, 49.45884646491213)]",25.0,0.0,2026-09-28 16:10:00,0.9
Traffic flow_29225e35b98131459329c7d3fec34a3af7e2fde3,"[(11.079663634300232, 49.45901034610964), (11.079567074775696, 49.458978964646164), (11.079052090644836, 49.45901731976547), (11.078671216964722, 49.45903824072699), (11.07847809791565, 49.45905567485476)]",25.0,0.0,2026-09-28 16:10:00,0.9
Traffic flow_3aadd68454e3349bf38d047bf0a4562269ef0fe9,"[(11.073119044303894, 49.46042597789537), (11.073322892189026, 49.46046084515732), (11.073789596557617, 49.46050965928237), (11.074529886245728, 49.460561960076674), (11.074883937835693, 49.460561960076674), (11.075044870376587, 49.46055498664065), (11.07569932937622, 49.46046781860674), (11.075870990753174, 49.460432951349745)]",25.0,0.0,2026-09-28 16:10:00,0.9
Traffic flow_a352b5871e21cfc0428b15ad870e7fd777976f6e,"[(11.07847809791565, 49.45905567485476), (11.078360080718994, 49.45906962215252), (11.078252792358398, 49.45911843766339)]",25.0,0.0,2026-09-28 16:10:00,0.9
Traffic flow_61816d442a2ddce998610cff6ea910eea72be652,"[(11.078252792358398, 49.45911843766339), (11.078000664710999, 49.45911843766339), (11.07771635055542, 49.45912541130382), (11.07747495174408, 49.45912541130382), (11.077346205711365, 49.459114950842796), (11.077287197113037, 49.45910100355795), (11.07723355293274, 49.459080082623224), (11.077367663383484, 49.458647714639376), (11.07746958732605, 49.45823626414475)]",25.0,0.0,2026-09-28 16:10:00,0.9
Traffic flow_6324a11859b9d0c4ee895b4f6e5d6efbbd5df2a8,"[(11.08146607875824, 49.45639864222819), (11.081331968307495, 49.45662878461058), (11.081262230873108, 49.456726420446316), (11.08121931552887, 49.45676129034051), (11.081165671348572, 49.4567961602099), (11.080902814865112, 49.45693563943935), (11.08069896697998, 49.45702281375618), (11.080591678619385, 49.45707163130588), (11.080505847930908, 49.45712044880695), (11.080393195152283, 49.45720413583851), (11.080275177955627, 49.45731920527357), (11.080248355865479, 49.45737499641756), (11.080114245414734, 49.45782132328306), (11.079996228218079, 49.45815955265353)]",30.0,0.0,2026-09-28 16:10:00,0.9
Traffic flow_6798f18c9bc9c050b159f56ceabaa2f31d9d614e,"[(11.086235046386719, 49.46482603036162), (11.086986064910889, 49.46567670807833)]",0.0,0.0,2026-09-28 16:10:00,0.9
Traffic flow_9493c97139ce92dc490bd1688e8d170fb0ee32b2,"[(11.092291474342346, 49.46773012744544), (11.091728210449219, 49.468343696158335), (11.091358065605164, 49.46873414497462), (11.091250777244568, 49.46883872895058)]",15.0,0.0,2026-09-28 16:10:00,0.9
Traffic flow_12fc6d0a6bdfd95672a65f294bfe21c5f64e60a5,"[(11.084641814231873, 49.466928293112844), (11.084582805633545, 49.46690040298683), (11.084480881690979, 49.466889944185496), (11.084105372428894, 49.466869026576106)]",15.0,0.0,2026-09-28 16:10:00,0.9
Traffic flow_3080be6f5c7de4f33eb1d43d20b6b3f37d41c0dd,"[(11.089121103286743, 49.46766040324184), (11.089410781860352, 49.46762902731784), (11.089898943901062, 49.467590678939004), (11.090269088745117, 49.46758719272125), (11.09071969985962, 49.467569761628795), (11.091138124465942, 49.46756627540955), (11.091738939285278, 49.46754187186796), (11.09192669391632, 49.46753838564675), (11.092248558998108, 49.46752095453692), (11.092371940612793, 49.46753141320357), (11.0924631357193, 49.46754884430966), (11.092602610588074, 49.467639485961406)]",15.0,0.0,2026-09-28 16:10:00,0.9
Traffic flow_f25070c889c8b2ab0d83f533f0c9da14f1062790,"[(11.09095573425293, 49.46369990558513), (11.091068387031555, 49.46340006614226), (11.091315150260925, 49.46277946239665), (11.091374158859253, 49.46243080515858), (11.091556549072266, 49.46140225185216)]",15.0,0.0,2026-09-28 16:10:00,0.9
Traffic flow_02931fd006c91797ddecc3655445b41bb014a4a8,"[(11.084663271903992, 49.46690388925345), (11.085494756698608, 49.46575340780231), (11.085564494132996, 49.46564533088391), (11.086020469665527, 49.464986405159294), (11.086117029190063, 49.464888785779756), (11.086235046386719, 49.46482603036162), (11.087415218353271, 49.46421241759355), (11.088069677352905, 49.4637766084037), (11.08821988105774, 49.463619716146425), (11.088364720344543, 49.46345933687531), (11.08846664428711, 49.46332336273426), (11.088568568229675, 49.46317692862189), (11.088675856590271, 49.46296076318), (11.089126467704773, 49.46181018913668), (11.08919620513916, 49.46163934402058), (11.08921766281128, 49.46156612450276), (11.089260578155518, 49.461304625331735), (11.089265942573547, 49.461081478268966), (11.089244484901428, 49.46095944428921), (11.089169383049011, 49.460704915296304), (11.089126467704773, 49.46058636709492), (11.08897089958191, 49.4602690749096)]",15.0,0.0,2026-09-28 16:10:00,0.9
Traffic flow_15a02def1fd5a234d56e406e34fe97fe1bd54acf,"[(11.089223027229309, 49.46638443279197), (11.08921229839325, 49.466349569744985), (11.08921229839325, 49.46630076143752), (11.089244484901428, 49.46622754888516), (11.089373230934143, 49.46603231487734), (11.090773344039917, 49.46416012069544), (11.090859174728394, 49.46395790549754), (11.09095573425293, 49.46369990558513)]",15.0,0.0,2026-09-28 16:10:00,0.9
Traffic flow_8c940e06dc7dcf3a68909ab5eb7d410bd376bcce,"[(11.086020469665527, 49.464986405159294), (11.085864901542664, 49.46488529936974), (11.085677146911621, 49.4647807069541), (11.085628867149353, 49.46477024770025), (11.085537672042847, 49.46475978844417), (11.084105372428894, 49.46476850449106)]",15.0,0.0,2026-09-28 16:10:00,0.9
Traffic flow_6a2a89c09154a481fcdf20d1205566ae6aa67702,"[(11.084105372428894, 49.46778939294049), (11.0841965675354, 49.46763599974713), (11.084641814231873, 49.466928293112844)]",20.0,0.0,2026-09-28 16:10:00,0.9
Traffic flow_05b0e1a33c0870be073d1e4c39dab44959c88398,"[(11.085376739501953, 49.46812406733164), (11.084105372428894, 49.468279202081185)]",20.0,0.0,2026-09-28 16:10:00,0.9
Traffic flow_f435a021e69ba8a16deb51b73f8a7619f7df3b97,"[(11.084105372428894, 49.4630339806139), (11.084668636322021, 49.46302003444444), (11.085736155509949, 49.463009574814755), (11.086776852607727, 49.46299214209364), (11.087259650230408, 49.46297470936632), (11.087785363197327, 49.46298865554867), (11.088364720344543, 49.46306884602015), (11.088606119155884, 49.4631037114016)]",20.0,0.0,2026-09-28 16:10:00,0.9
Traffic flow_faced3487b300ea02f514fe27d0d22c836b90830,"[(11.091508269309998, 49.46883872895058), (11.091518998146057, 49.46882827056304), (11.09167993068695, 49.46865396377518), (11.091867685317993, 49.46843782249693), (11.092312932014465, 49.46794278565356), (11.092602610588074, 49.467639485961406)]",25.0,0.0,2026-09-28 16:10:00,0.9
Traffic flow_033ff7ad3cca40d918d9df3673fadd3f51122888,"[(11.092602610588074, 49.467639485961406), (11.0924631357193, 49.46754884430966), (11.092371940612793, 49.46753141320357), (11.092248558998108, 49.46752095453692), (11.09220027923584, 49.46752095453692)]",25.0,0.0,2026-09-28 16:10:00,0.9
Traffic flow_bf86b51e37339b0daffa817373dc5831da96d3f6,"[(11.092527508735657, 49.4602690749096), (11.092329025268555, 49.460439924803126), (11.092076897621155, 49.460670048208016), (11.09193205833435, 49.46085833019003), (11.091765761375427, 49.46108845163006), (11.091604828834534, 49.4613011386667), (11.091556549072266, 49.46140225185216), (11.09144389629364, 49.46135692527758), (11.091057658195496, 49.46117561855999), (11.090413928031921, 49.460792082908476), (11.09022080898285, 49.46068399504631), (11.090086698532104, 49.46061774752907), (11.090006232261658, 49.46058985381081), (11.089727282524109, 49.46050268583891), (11.089480519294739, 49.46045387170691), (11.089357137680054, 49.460439924803126), (11.08920693397522, 49.460432951349745), (11.089131832122803, 49.460436438076556), (11.089062094688416, 49.46044689825551)]",25.0,0.0,2026-09-28 16:10:00,0.9
Traffic flow_80c3168fe2ab4e4d8cb0aacc32e7d36a6ea56fbf,"[(11.087324023246765, 49.4602690749096), (11.08721137046814, 49.46028302186201), (11.085789799690247, 49.460485252225915), (11.08518362045288, 49.460561960076674), (11.084657907485962, 49.460614260815156), (11.084105372428894, 49.460642154519526)]",25.0,0.0,2026-09-28 16:10:00,0.9
Traffic flow_3a11d14f6b85923957f315f3836f4ea71cb9de55,"[(11.088606119155884, 49.4631037114016), (11.088107228279114, 49.4630304940719), (11.087785363197327, 49.46298865554867), (11.087259650230408, 49.46297470936632), (11.086776852607727, 49.46299214209364), (11.085355281829834, 49.46301306135823), (11.084550619125366, 49.46302352098718), (11.084105372428894, 49.4630339806139)]",30.0,0.0,2026-09-28 16:10:00,0.9
Traffic flow_4eefbbd0e81b026ad0627be1a8e25a58a14d43be,"[(11.084105372428894, 49.460642154519526), (11.084657907485962, 49.460614260815156), (11.08521580696106, 49.46055847335879), (11.085789799690247, 49.460485252225915), (11.08721137046814, 49.46028302186201), (11.087324023246765, 49.4602690749096)]",30.0,0.0,2026-09-28 16:10:00,0.9
Traffic flow_3be9e8249b6e65178ac291ea6fbe691c47d4f18d,"[(11.085408926010132, 49.46812058115185), (11.087104082107544, 49.467921868493704), (11.088391542434692, 49.46774755848084), (11.089121103286743, 49.46766040324184)]",35.0,0.0,2026-09-28 16:10:00,0.9
Traffic flow_12d7faf42fdf30677420ad9bec356692f9254928,"[(11.09220027923584, 49.46752095453692), (11.09192669391632, 49.46753838564675), (11.091363430023193, 49.467555816750355), (11.09096646308899, 49.467569761628795), (11.09071969985962, 49.467569761628795), (11.090269088745117, 49.46758719272125), (11.089898943901062, 49.467590678939004), (11.089410781860352, 49.46762902731784), (11.088391542434692, 49.46774755848084), (11.087104082107544, 49.467921868493704), (11.085376739501953, 49.46812406733164)]",40.0,0.0,2026-09-28 16:10:00,0.9
Traffic flow_a1fedcf1660f5fa4db6821ce0b2d51fa7f8e2da9,"[(11.09318196773529, 49.460049409885514), (11.093101501464844, 49.45999710854418), (11.092747449874878, 49.459871585097204), (11.091046929359436, 49.45928929156853), (11.090628504753113, 49.45918120039164), (11.090515851974487, 49.45916027949116), (11.08994722366333, 49.45912541130382), (11.089550256729126, 49.45912541130382), (11.08944296836853, 49.45915679267354)]",0.0,0.0,2026-09-28 16:10:00,0.9
Traffic flow_1ccd72c422c8a0347afd0c4fbb3b68ff61dc8567,"[(11.088311076164246, 49.45915679267354), (11.088396906852722, 49.459205608097584), (11.088557839393616, 49.45926139709409), (11.088611483573914, 49.45928580476009), (11.088659763336182, 49.45934159366531), (11.088670492172241, 49.459390408905264), (11.088670492172241, 49.45945317128519)]",5.0,0.0,2026-09-28 16:10:00,0.9
Traffic flow_343a2ec4ea65424016ecf062dac156ff3f85e24d,"[(11.09020471572876, 49.46160447759717), (11.090360283851624, 49.461614937526804), (11.090907454490662, 49.461698616883446)]",5.0,0.0,2026-09-28 16:10:00,0.9
Traffic flow_6e581b5985bbc2fc0560e975ee3c1f82efb10988,"[(11.090338826179504, 49.4612453519923), (11.09020471572876, 49.46160447759717)]",5.0,0.0,2026-09-28 16:10:00,0.9
Traffic flow_00d22a6b70044876296600b034533d2b1361dcbc,"[(11.084105372428894, 49.458822057027305), (11.084121465682983, 49.458822057027305), (11.084228754043579, 49.45884646491213)]",10.0,0.0,2026-09-28 16:10:00,0.9
Traffic flow_5e890b708845aa026dd825a3114094c2a117e94b,"[(11.088096499443054, 49.45731223137611), (11.08818769454956, 49.457361048637516), (11.088225245475769, 49.45738545724999), (11.088268160820007, 49.45743078749804), (11.088316440582275, 49.45763302963237), (11.088327169418335, 49.45780040180205), (11.088327169418335, 49.45815955265353), (11.088289618492126, 49.4585988986596), (11.088230609893799, 49.4590835694463), (11.08818769454956, 49.45915679267354), (11.088176965713501, 49.45915679267354)]",10.0,0.0,2026-09-28 16:10:00,0.9
Traffic flow_188a58286ba66ae50f60887f95cc8c6eb8e1bfe5,"[(11.091095209121704, 49.4581072492952), (11.091089844703674, 49.45896501732261), (11.091079115867615, 49.459073108976334)]",10.0,0.0,2026-09-28 16:10:00,0.9
Traffic flow_2d8f06333e122cd1f5948c2219de5ec65c8eadbd,"[(11.091079115867615, 49.459073108976334), (11.091046929359436, 49.45928929156853)]",10.0,0.0,2026-09-28 16:10:00,0.9
Traffic flow_08df42c226e6e9e250c11993f7147074598ae87b,"[(11.084228754043579, 49.45884646491213), (11.084282398223877, 49.458902254317486), (11.084346771240234, 49.458954556827344), (11.084486246109009, 49.45902778024735), (11.084604263305664, 49.45906613532845), (11.085033416748047, 49.459149819037556), (11.085795164108276, 49.459271857523866), (11.086047291755676, 49.45928580476009), (11.086353063583374, 49.45928929156853), (11.087356209754944, 49.45920909491173), (11.087425947189331, 49.45919863446856), (11.08818769454956, 49.45915679267354)]",15.0,0.0,2026-09-28 16:10:00,0.9
Traffic flow_d4b25bfbfb9d8953fa7275dc334dfbf25fe2cb3d,"[(11.088874340057373, 49.45714485753925), (11.088767051696777, 49.457183214094016), (11.088590025901794, 49.45722854452913), (11.088359355926514, 49.4572773618739), (11.088026762008667, 49.45731223137611), (11.087570786476135, 49.457381970306095), (11.087356209754944, 49.45742381361646), (11.08694851398468, 49.45753888253574), (11.086524724960327, 49.45767487272838), (11.086009740829468, 49.45785270548785), (11.084888577461243, 49.45821882972547), (11.084523797035217, 49.45834784428128), (11.084255576133728, 49.45848034536344), (11.084105372428894, 49.458591924944244)]",20.0,0.0,2026-09-28 16:10:00,0.9
Traffic flow_f30fa6f4ff1a003b9981250d25735272d2a49895,"[(11.08944296836853, 49.45915679267354), (11.089555621147156, 49.45922304216581), (11.090274453163147, 49.459243963039505), (11.090601682662964, 49.45927883114248), (11.090762615203857, 49.45931369922064), (11.091041564941406, 49.459390408905264)]",20.0,0.0,2026-09-28 16:10:00,0.9
Traffic flow_24110860b143f82133d2517f9ca4d4e178134e4f,"[(11.087619066238403, 49.46051663272483), (11.088670492172241, 49.46081997651162), (11.089657545089722, 49.461067531543804), (11.090338826179504, 49.4612453519923), (11.090832352638245, 49.46133949196851), (11.091282963752747, 49.46140225185216), (11.092388033866882, 49.46160796424063), (11.092852056026459, 49.461698616883446)]",25.0,0.0,2026-09-28 16:10:00,0.9
Traffic flow_e45ec0c8503c3d2e2f727886723e9a0562698b57,"[(11.086868047714233, 49.461688156971675), (11.086894869804382, 49.46162191081198), (11.08694851398468, 49.46152079807977), (11.087619066238403, 49.46051663272483), (11.087817549705505, 49.46029348207371), (11.08794093132019, 49.46017841962216), (11.088058948516846, 49.46007730391141), (11.08821988105774, 49.45996224095227), (11.088520288467407, 49.45978092907444), (11.08893871307373, 49.45952290716862), (11.089147925376892, 49.45937297489658), (11.089228391647339, 49.45930672560699), (11.089271306991577, 49.459254423473), (11.089346408843994, 49.459149819037556), (11.089378595352173, 49.459041727553036), (11.089394688606262, 49.458832517550874)]",30.0,0.0,2026-09-28 16:10:00,0.9
Traffic flow_547a3efe5cc590f6789609a3527d8f0e9de62a5c,"[(11.091041564941406, 49.459390408905264), (11.091422438621521, 49.4594984996207), (11.09220564365387, 49.45976000842998), (11.09270453453064, 49.45994132038522)]",30.0,0.0,2026-09-28 16:10:00,0.9
Traffic flow_70b96f4ed3ba0c83a023ed5cacb8a30adb6d622d,"[(11.092852056026459, 49.461698616883446), (11.091980338096619, 49.46153125802726), (11.091282963752747, 49.46140225185216), (11.090832352638245, 49.46133949196851), (11.090328097343445, 49.461241865323046)]",30.0,0.0,2026-09-28 16:10:00,0.9
Traffic flow_aed2e72fbc62fe85de191b979e7ec728d3777ead,"[(11.086653470993042, 49.46158007108602), (11.086868047714233, 49.461688156971675), (11.086892187595367, 49.461698616883446)]",30.0,0.0,2026-09-28 16:10:00,0.9
Traffic flow_44249d4a4121b6440b6a4b61c24cc623810b109b,"[(11.089046001434326, 49.45713788361697), (11.089013814926147, 49.45730525747764), (11.088997721672058, 49.45744822219767), (11.088986992835999, 49.45778645414307), (11.088992357254028, 49.45812119686288), (11.088986992835999, 49.458647714639376), (11.08896553516388, 49.45898245147643), (11.088927984237671, 49.459149819037556), (11.088820695877075, 49.45930672560699), (11.088772416114807, 49.459366001291365), (11.088670492172241, 49.45945317128519)]",45.0,0.0,2026-09-28 16:10:00,0.9
